{"anInt":1,"aLong":1000000,"integer":100,"aDouble":1245678.34567,"bigDecimal":123.4566999999999978854248183779418468475341796875,"text":"Texto","aDate":59987242800000}